time,count
2012-12-27 20:52:27,2258
2012-12-27 20:59:25,2793
2012-12-27 21:01:05,3943
2012-12-27 21:07:32,2107
2012-12-27 21:07:43,1014
2012-12-27 21:08:28,1870
2012-12-27 21:12:13,379
2012-12-27 21:15:29,1734
2012-12-27 21:15:34,479
2012-12-27 21:16:19,3899
2012-12-27 21:18:52,607
2012-12-27 21:19:07,1326
2012-12-27 21:19:14,1104
2012-12-27 21:19:59,271
2012-12-27 21:21:20,3088
2012-12-27 21:21:29,1994
2012-12-27 21:24:53,4492
2012-12-27 21:25:15,1190
2012-12-27 21:25:38,7625
2012-12-27 21:25:48,1452
2012-12-27 21:27:48,360
2012-12-27 21:28:33,186
2012-12-27 21:28:39,3570
2012-12-27 21:29:00,80
2012-12-27 21:29:18,670
2012-12-27 21:29:45,166
2012-12-27 21:31:14,702
2012-12-27 21:31:21,1147
2012-12-27 21:32:41,6210
2012-12-27 21:33:49,1072
2012-12-27 21:33:57,1397
2012-12-27 21:34:18,2163
2012-12-27 21:34:23,5020
2012-12-27 21:34:40,541
2012-12-27 21:35:14,4364
2012-12-27 21:35:25,340
2012-12-27 21:37:24,13219
2012-12-27 21:40:05,4377
2012-12-27 21:42:06,1178
2012-12-27 21:44:00,172
2012-12-27 21:44:00,246
2012-12-27 21:44:58,2176
2012-12-27 21:45:08,1612
2012-12-27 21:46:59,255
2012-12-27 21:47:52,2299
2012-12-27 21:47:57,859
2012-12-27 21:51:38,1441
2012-12-27 21:51:59,875
2012-12-27 21:52:08,646
2012-12-27 21:52:43,2356
2012-12-27 21:53:21,3590
2012-12-27 21:54:06,2226
2012-12-27 21:54:39,830
2012-12-27 21:55:22,4768
2012-12-27 21:55:26,404
2012-12-27 21:55:47,500
2012-12-27 21:55:57,593
2012-12-27 21:56:30,468
2012-12-27 21:57:28,609
2012-12-27 21:59:20,1992
2012-12-27 22:00:27,275
2012-12-27 22:01:16,385
2012-12-27 22:01:50,1066
2012-12-27 22:02:02,816
2012-12-27 22:02:42,825
2012-12-27 22:06:29,6409
2012-12-27 22:07:07,911
2012-12-27 22:07:20,472
2012-12-27 22:08:18,1646
2012-12-27 22:08:33,2124
2012-12-27 22:09:37,709
2012-12-27 22:10:30,4528
2012-12-27 22:12:21,231
2012-12-27 22:13:13,650
2012-12-27 22:13:20,4355
2012-12-27 22:13:25,5056
2012-12-27 22:17:42,988
2012-12-27 22:18:29,529
2012-12-27 22:21:54,1234
2012-12-27 22:24:27,1006
2012-12-27 22:25:08,721
2012-12-27 22:27:18,2826
2012-12-27 22:28:42,9894
2012-12-27 22:30:01,1193
2012-12-27 22:31:04,199
2012-12-27 22:32:17,2826
2012-12-27 22:33:21,232
2012-12-27 22:35:04,1452
2012-12-27 22:35:11,1012
2012-12-27 22:35:13,1511
2012-12-27 22:36:50,310
2012-12-27 22:37:09,477
2012-12-27 22:41:32,964
2012-12-27 22:42:00,403
2012-12-27 22:42:43,434
2012-12-27 22:43:52,704
2012-12-27 22:44:21,121
2012-12-27 22:45:04,2897
2012-12-27 22:49:05,4152
2012-12-27 22:49:40,924
2012-12-27 22:51:30,978
2012-12-27 22:55:26,2771
2012-12-27 22:56:05,11396
2012-12-27 22:58:19,937
2012-12-27 23:00:13,265
2012-12-27 23:00:57,5612
2012-12-27 23:01:09,507
2012-12-27 23:03:45,1476
2012-12-27 23:04:35,1545
2012-12-27 23:04:38,1366
2012-12-27 23:12:17,292
2012-12-27 23:13:59,1025
2012-12-27 23:20:52,2750
2012-12-27 23:21:17,19
2012-12-27 23:21:33,958
2012-12-27 23:21:55,818
2012-12-27 23:23:22,529
2012-12-27 23:23:40,1030
2012-12-27 23:28:31,2283
2012-12-27 23:33:22,1154
2012-12-27 23:34:17,827
2012-12-27 23:37:32,434
2012-12-27 23:40:06,1151
2012-12-27 23:41:08,2760
2012-12-27 23:41:39,92
2012-12-27 23:41:44,271
2012-12-27 23:49:00,107
2012-12-27 23:51:01,1635
2012-12-27 23:52:04,180
2012-12-27 23:53:04,1337
2012-12-27 23:53:15,331
2012-12-27 23:56:30,831
2012-12-27 23:56:59,1035
2012-12-27 23:57:01,1581
2012-12-27 23:57:59,1459
2012-12-28 00:02:28,432
2012-12-28 00:02:31,940
2012-12-28 00:04:02,820
2012-12-28 00:05:17,1115
2012-12-28 00:05:19,244
2012-12-28 00:07:02,1316
2012-12-28 00:07:41,272
2012-12-28 00:09:06,123
2012-12-28 00:10:40,1479
2012-12-28 00:10:43,4830
2012-12-28 00:10:48,1459
2012-12-28 00:12:33,1164
2012-12-28 00:20:05,213
2012-12-28 00:22:26,2521
2012-12-28 00:24:09,2342
2012-12-28 00:27:04,55
2012-12-28 00:27:26,833
2012-12-28 00:27:57,3912
2012-12-28 00:28:08,283
2012-12-28 00:28:31,372
2012-12-28 00:30:51,3285
2012-12-28 00:31:18,34
2012-12-28 00:32:22,3749
2012-12-28 00:32:57,266
2012-12-28 00:33:55,725
2012-12-28 00:34:06,798
2012-12-28 00:38:30,3137
2012-12-28 00:39:30,405
2012-12-28 00:43:37,6314
2012-12-28 00:47:31,654
2012-12-28 00:47:58,448
2012-12-28 00:49:41,2633
2012-12-28 00:50:05,992
2012-12-28 00:50:38,213
2012-12-28 00:55:53,270
2012-12-28 00:56:17,546
2012-12-28 00:56:40,433
2012-12-28 00:58:14,1079
2012-12-28 00:59:26,390
2012-12-28 01:00:30,206
2012-12-28 01:01:13,350
2012-12-28 01:02:36,2080
2012-12-28 01:02:56,3923
2012-12-28 01:04:22,1121
2012-12-28 01:04:35,877
2012-12-28 01:05:08,693
2012-12-28 01:05:25,1063
2012-12-28 01:05:51,892
2012-12-28 01:07:26,3110
2012-12-28 01:11:31,968
2012-12-28 01:12:01,1041
2012-12-28 01:12:16,655
2012-12-28 01:14:37,1
2012-12-28 01:15:15,711
2012-12-28 01:15:21,10704
2012-12-28 01:18:27,1378
2012-12-28 01:20:13,119
2012-12-28 01:21:27,431
2012-12-28 01:21:45,1515
2012-12-28 01:22:16,638
2012-12-28 01:22:43,2270
2012-12-28 01:26:05,455
2012-12-28 01:26:37,1270
2012-12-28 01:28:13,537
2012-12-28 01:35:03,519
2012-12-28 01:36:53,768
2012-12-28 01:37:51,4873
2012-12-28 01:38:31,152
2012-12-28 01:42:05,465
2012-12-28 01:44:04,3271
2012-12-28 01:44:25,985
2012-12-28 01:44:40,712
2012-12-28 01:45:21,1051
2012-12-28 01:48:37,345
2012-12-28 01:48:59,569
2012-12-28 01:53:11,1272
2012-12-28 01:53:49,943
2012-12-28 01:57:24,1195
2012-12-28 01:58:42,440
2012-12-28 02:00:34,944
2012-12-28 02:01:18,100
2012-12-28 02:05:19,507
2012-12-28 02:06:00,953
2012-12-28 02:09:27,1162
2012-12-28 02:11:25,1700
2012-12-28 02:12:20,576
2012-12-28 02:16:33,849
2012-12-28 02:18:27,507
2012-12-28 02:18:43,94
2012-12-28 02:21:35,482
2012-12-28 02:36:30,45
2012-12-28 02:38:37,649
2012-12-28 02:41:43,523
2012-12-28 02:44:23,1146
2012-12-28 02:47:27,542
2012-12-28 02:50:31,2162
2012-12-28 02:53:17,51
2012-12-28 02:56:04,591
2012-12-28 02:56:39,357
2012-12-28 02:58:12,1614
2012-12-28 03:04:40,1017
2012-12-28 03:17:21,265
2012-12-28 03:17:46,505
2012-12-28 03:19:08,294
2012-12-28 03:21:31,118
2012-12-28 03:26:59,334
2012-12-28 03:28:21,223
2012-12-28 03:28:45,657
2012-12-28 03:40:41,63
2012-12-28 03:43:44,1118
2012-12-28 03:45:15,762
2012-12-28 03:47:09,1001
2012-12-28 03:49:07,208
2012-12-28 03:49:43,213
2012-12-28 03:53:46,1006
2012-12-28 03:57:34,678
2012-12-28 03:57:39,136
2012-12-28 04:04:44,501
2012-12-28 04:05:27,7387
2012-12-28 04:14:07,466
2012-12-28 04:14:18,23
2012-12-28 04:14:36,3132
2012-12-28 04:15:19,714
2012-12-28 04:18:08,922
2012-12-28 04:18:17,1358
2012-12-28 04:18:51,619
2012-12-28 04:19:22,1235
2012-12-28 04:21:28,1064
2012-12-28 04:21:50,380
2012-12-28 04:23:19,1547
2012-12-28 04:35:10,3477
2012-12-28 04:36:29,1216
2012-12-28 04:36:40,1550
2012-12-28 04:38:43,2574
2012-12-28 04:47:18,1499
2012-12-28 04:49:25,208
2012-12-28 04:50:20,1127
2012-12-28 04:52:35,1523
2012-12-28 04:55:12,426
2012-12-28 04:55:38,3147
2012-12-28 04:57:27,4049
2012-12-28 04:57:46,1921
2012-12-28 05:05:28,2104
2012-12-28 05:05:41,803
2012-12-28 05:07:09,1159
2012-12-28 05:09:35,2117
2012-12-28 05:16:24,1239
2012-12-28 05:16:57,2298
2012-12-28 05:20:35,715
2012-12-28 05:23:58,2123
2012-12-28 05:24:15,41
2012-12-28 05:24:42,369
2012-12-28 05:32:32,456
2012-12-28 05:42:28,618
2012-12-28 05:45:39,1748
2012-12-28 05:46:16,257
2012-12-28 05:47:17,384
2012-12-28 05:49:40,2030
2012-12-28 05:57:02,652
2012-12-28 05:58:59,3243
2012-12-28 06:00:24,1008
2012-12-28 06:03:52,949
2012-12-28 06:04:54,3329
2012-12-28 06:11:49,911
2012-12-28 06:12:24,512
2012-12-28 06:16:32,1617
2012-12-28 06:17:53,7452
2012-12-28 06:19:20,2699
2012-12-28 06:19:29,3978
2012-12-28 06:20:02,2439
2012-12-28 06:20:53,538
2012-12-28 06:31:02,2105
2012-12-28 06:36:51,735
2012-12-28 06:44:20,494
2012-12-28 06:47:27,1957
2012-12-28 06:48:06,682
2012-12-28 06:49:49,753
2012-12-28 06:50:19,1196
2012-12-28 06:55:58,1391
2012-12-28 07:04:02,58
2012-12-28 07:10:08,1303
2012-12-28 07:11:38,2888
2012-12-28 07:13:35,1152
2012-12-28 07:17:54,458
2012-12-28 07:18:48,358
2012-12-28 07:19:26,305
2012-12-28 07:20:56,1877
2012-12-28 07:23:49,1437
2012-12-28 07:24:33,1068
2012-12-28 07:26:38,252
2012-12-28 07:32:50,2935
2012-12-28 07:36:13,2922
2012-12-28 07:36:40,842
2012-12-28 07:38:03,176
2012-12-28 07:38:07,454
2012-12-28 07:42:31,7368
2012-12-28 07:43:04,2034
2012-12-28 07:44:25,2301
2012-12-28 07:45:29,206
2012-12-28 07:47:32,1542
2012-12-28 07:54:25,3570
2012-12-28 07:55:40,807
2012-12-28 07:56:28,330
2012-12-28 07:57:28,1374
2012-12-28 07:58:31,504
2012-12-28 08:02:55,1498
2012-12-28 08:03:35,1362
2012-12-28 08:06:59,974
2012-12-28 08:07:59,105
2012-12-28 08:10:33,1547
2012-12-28 08:14:45,527
2012-12-28 08:16:22,1379
2012-12-28 08:19:05,3068
2012-12-28 08:24:02,431
2012-12-28 08:31:11,1929
2012-12-28 08:32:32,384
2012-12-28 08:32:46,1197
2012-12-28 08:37:03,2530
2012-12-28 08:44:32,466
2012-12-28 08:45:19,293
2012-12-28 08:46:14,2515
2012-12-28 08:48:22,2049
2012-12-28 08:50:11,1263
2012-12-28 08:50:48,3104
2012-12-28 08:52:59,619
2012-12-28 08:53:44,1207
2012-12-28 08:54:56,284
2012-12-28 08:58:21,2075
2012-12-28 09:00:28,4221
2012-12-28 09:01:12,855
2012-12-28 09:05:40,114
2012-12-28 09:06:06,1070
2012-12-28 09:06:17,598
2012-12-28 09:07:54,791
2012-12-28 09:09:36,683
2012-12-28 09:09:36,923
2012-12-28 09:10:09,1979
2012-12-28 09:10:20,1682
2012-12-28 09:12:06,717
2012-12-28 09:15:17,1571
2012-12-28 09:18:12,168
2012-12-28 09:20:06,114
2012-12-28 09:22:16,2657
2012-12-28 09:24:40,8067
2012-12-28 09:27:17,2350
2012-12-28 09:35:24,28
2012-12-28 09:39:19,349
2012-12-28 09:42:29,38
2012-12-28 09:43:35,232
2012-12-28 09:49:21,1477
2012-12-28 09:53:16,222
2012-12-28 09:53:34,1719
2012-12-28 10:02:22,490
2012-12-28 10:08:34,1313
2012-12-28 10:10:47,448
2012-12-28 10:11:09,788
2012-12-28 10:11:12,49
2012-12-28 10:18:02,1184
2012-12-28 10:21:06,1670
2012-12-28 10:23:10,1674
2012-12-28 10:23:31,9616
2012-12-28 10:30:11,4103
2012-12-28 10:34:13,12515
2012-12-28 10:35:42,373
2012-12-28 10:37:38,453
2012-12-28 10:40:20,640
2012-12-28 10:43:53,1341
2012-12-28 10:44:56,842
2012-12-28 10:47:29,1063
2012-12-28 10:49:25,1379
2012-12-28 10:50:47,2226
2012-12-28 10:51:23,1282
2012-12-28 10:53:48,1212
2012-12-28 10:55:11,464
2012-12-28 10:57:51,254
2012-12-28 11:01:05,34
2012-12-28 11:01:47,1212
2012-12-28 11:14:41,7372
2012-12-28 11:16:58,174
2012-12-28 11:39:35,282
2012-12-28 11:42:27,501
2012-12-28 11:49:34,1089
2012-12-28 11:50:05,404
2012-12-28 11:51:30,435
2012-12-28 11:52:41,762
2012-12-28 11:52:56,1529
2012-12-28 11:53:13,1026
2012-12-28 11:53:50,86
2012-12-28 11:56:16,711
2012-12-28 11:58:34,1785
2012-12-28 12:01:23,148
2012-12-28 12:05:15,2466
2012-12-28 12:08:44,2485
2012-12-28 12:12:27,1910
2012-12-28 12:13:00,1390
2012-12-28 12:13:29,665
2012-12-28 12:13:49,848
2012-12-28 12:14:04,1481
2012-12-28 12:14:05,369
2012-12-28 12:15:47,7868
2012-12-28 12:17:49,3170
2012-12-28 12:19:44,390
2012-12-28 12:22:34,318
2012-12-28 12:23:40,1007
2012-12-28 12:26:35,477
2012-12-28 12:28:05,845
2012-12-28 12:29:24,937
2012-12-28 12:33:47,198
2012-12-28 12:36:21,4249
2012-12-28 12:36:52,1387
2012-12-28 12:36:56,1249
2012-12-28 12:40:11,490
2012-12-28 12:40:20,263
2012-12-28 12:45:09,2514
2012-12-28 12:48:37,1062
2012-12-28 12:59:03,2418
2012-12-28 12:59:16,208
2012-12-28 12:59:31,726
2012-12-28 13:02:11,367
2012-12-28 13:03:15,1420
2012-12-28 13:13:06,452
2012-12-28 13:13:24,57
2012-12-28 13:14:29,824
2012-12-28 13:15:55,2496
2012-12-28 13:26:00,1014
2012-12-28 13:26:34,6754
2012-12-28 13:28:41,744
2012-12-28 13:29:35,100
2012-12-28 13:39:12,231
2012-12-28 13:42:14,544
2012-12-28 13:43:29,3144
2012-12-28 13:49:14,598
2012-12-28 13:49:49,94
2012-12-28 13:50:20,1101
2012-12-28 13:50:34,224
2012-12-28 13:50:41,5993
2012-12-28 13:51:07,2708
2012-12-28 13:54:20,10022
2012-12-28 13:54:51,1654
2012-12-28 13:55:59,1923
2012-12-28 14:01:46,608
2012-12-28 14:02:48,643
2012-12-28 14:11:41,245
2012-12-28 14:12:48,468
2012-12-28 14:14:24,1655
2012-12-28 14:19:03,1597
2012-12-28 14:23:43,665
2012-12-28 14:23:53,126
2012-12-28 14:24:45,863
2012-12-28 14:25:36,1652
2012-12-28 14:30:54,2762
2012-12-28 14:32:08,237
2012-12-28 14:33:04,1669
2012-12-28 14:33:54,150
2012-12-28 14:34:35,3240
2012-12-28 14:39:30,2147
2012-12-28 14:39:47,1092
2012-12-28 14:48:28,512
2012-12-28 14:54:09,1475
2012-12-28 14:56:10,255
2012-12-28 15:02:59,573
2012-12-28 15:06:06,248
2012-12-28 15:07:03,376
2012-12-28 15:11:24,149
2012-12-28 15:15:52,455
2012-12-28 15:16:19,756
2012-12-28 15:16:28,170
2012-12-28 15:17:01,1122
2012-12-28 15:19:12,694
2012-12-28 15:19:39,1960
2012-12-28 15:20:23,5181
2012-12-28 15:23:12,112
2012-12-28 15:27:41,475
2012-12-28 15:34:43,5507
2012-12-28 15:38:24,905
2012-12-28 15:40:32,3349
2012-12-28 15:41:01,174
2012-12-28 15:44:22,2855
2012-12-28 15:52:13,416
2012-12-28 15:56:16,6331
2012-12-28 15:56:45,2855
2012-12-28 16:05:03,99
2012-12-28 16:07:14,751
2012-12-28 16:08:37,2517
2012-12-28 16:12:41,205
2012-12-28 16:15:30,744
2012-12-28 16:15:52,553
2012-12-28 16:16:57,843
2012-12-28 16:17:07,5371
2012-12-28 16:17:38,269
2012-12-28 16:18:58,1081
2012-12-28 16:20:59,6028
2012-12-28 16:21:43,2287
2012-12-28 16:26:07,78
2012-12-28 16:31:37,2309
2012-12-28 16:32:17,9075
2012-12-28 16:34:14,2052
2012-12-28 16:36:23,107
2012-12-28 16:49:28,1975
2012-12-28 16:49:41,8646
2012-12-28 16:49:55,483
2012-12-28 16:57:37,634
2012-12-28 17:00:11,1147
2012-12-28 17:03:42,3296
2012-12-28 17:04:21,241
2012-12-28 17:07:05,369
2012-12-28 17:16:42,627
2012-12-28 17:18:44,764
2012-12-28 17:25:10,1247
2012-12-28 17:33:00,369
2012-12-28 17:42:37,887
2012-12-28 17:51:43,1404
2012-12-28 17:54:06,1810
2012-12-28 17:54:53,482
2012-12-28 17:57:31,2520
2012-12-28 18:12:24,1070
2012-12-28 18:15:17,2020
2012-12-28 18:15:44,483
2012-12-28 18:24:23,1530
2012-12-28 18:32:39,3722
2012-12-28 18:35:23,684
2012-12-28 18:50:18,7395
2012-12-28 18:58:23,180
2012-12-28 19:22:21,1207
2012-12-28 19:34:51,1099
2012-12-28 19:39:31,149
2012-12-28 19:48:29,897
2012-12-28 20:03:29,2886
2012-12-28 20:08:16,300
2012-12-28 20:15:53,556
2012-12-28 20:19:39,84
2012-12-28 20:23:18,1642
2012-12-28 20:31:14,121
2012-12-28 20:32:19,269
2012-12-28 20:46:57,831
2012-12-28 20:50:31,1030
2012-12-28 20:53:27,1219
2012-12-28 20:58:46,861
2012-12-28 21:02:40,536
2012-12-28 21:27:52,420
2012-12-28 21:28:41,400
2012-12-28 21:30:18,1166
2012-12-28 21:42:18,4136
2012-12-28 21:42:18,4136
2012-12-28 21:48:28,1312
2012-12-28 21:50:34,972
2012-12-28 21:59:43,2130
2012-12-28 22:02:15,189
2012-12-28 22:11:33,1070
2012-12-28 22:14:36,1321
2012-12-28 22:18:26,835
2012-12-28 22:21:28,1008
2012-12-28 22:22:21,282
2012-12-28 22:47:57,1032
2012-12-28 23:00:03,186
2012-12-28 23:01:46,732
2012-12-28 23:05:11,484
2012-12-28 23:16:50,299
2012-12-28 23:22:54,458
2012-12-28 23:25:10,100
2012-12-28 23:26:13,1618
2012-12-28 23:31:40,368
2012-12-28 23:34:31,506
2012-12-28 23:36:46,406
2012-12-28 23:50:45,1322
2012-12-28 23:55:16,1120
2012-12-29 00:09:50,182
2012-12-29 00:10:57,570
2012-12-29 00:13:29,1867
2012-12-29 00:32:23,908
2012-12-29 00:39:58,2189
2012-12-29 00:40:42,4235
2012-12-29 00:43:50,552
2012-12-29 00:51:01,5311
2012-12-29 00:58:02,1962
2012-12-29 01:03:18,4399
2012-12-29 01:07:58,1790
2012-12-29 01:09:23,1151
2012-12-29 01:17:03,2301
2012-12-29 01:23:01,385
2012-12-29 01:41:08,721
2012-12-29 01:41:54,514
2012-12-29 01:47:03,1127
2012-12-29 03:30:45,1622
2012-12-29 03:49:05,623
2012-12-29 04:01:20,319
2012-12-29 04:18:57,322
2012-12-29 04:19:46,147
2012-12-29 04:43:20,149
2012-12-29 04:56:25,185
2012-12-29 05:10:08,994
2012-12-29 05:12:33,832
2012-12-29 05:33:27,406
2012-12-29 05:41:10,529
2012-12-29 06:07:45,148
2012-12-29 06:10:49,95
2012-12-29 06:26:21,95
2012-12-29 06:27:37,1586
2012-12-29 06:28:08,2978
2012-12-29 06:31:39,354
2012-12-29 06:33:26,1432
2012-12-29 06:39:50,218
2012-12-29 06:57:54,507
2012-12-29 07:16:59,3281
2012-12-29 07:37:39,13
2012-12-29 08:05:18,7823
2012-12-29 08:06:20,248
2012-12-29 08:22:26,580
2012-12-29 08:58:08,1105
2012-12-29 09:04:51,635
2012-12-29 09:07:16,121
2012-12-29 09:09:02,1427
2012-12-29 09:16:26,1106
2012-12-29 09:21:16,613
2012-12-29 09:40:37,1204
2012-12-29 09:45:19,18148
2012-12-29 09:50:58,119
2012-12-29 09:53:24,285
2012-12-29 09:56:09,485
2012-12-29 10:19:11,2073
2012-12-29 10:20:47,1871
2012-12-29 10:37:00,643
2012-12-29 10:49:48,210
2012-12-29 10:54:45,360
2012-12-29 11:20:48,2699
2012-12-29 11:41:05,4974
2012-12-29 11:52:31,652
2012-12-29 12:00:29,978
2012-12-29 12:12:39,115
2012-12-29 12:22:29,2706
2012-12-29 12:42:46,617
2012-12-29 12:46:58,918
2012-12-29 13:07:11,588
2012-12-29 13:42:47,5448
2012-12-29 13:56:25,464
2012-12-29 13:57:12,1181
2012-12-29 14:00:25,1416
2012-12-29 14:04:49,28
2012-12-29 14:05:25,185
2012-12-29 14:09:35,584
2012-12-29 14:13:38,975
2012-12-29 14:16:02,613
2012-12-29 14:24:20,883
2012-12-29 14:47:43,257
2012-12-29 14:48:31,1653
2012-12-29 14:51:33,769
2012-12-29 15:05:50,3277
2012-12-29 15:06:53,504
2012-12-29 15:20:26,54
2012-12-29 15:41:17,380
2012-12-29 15:44:03,126
2012-12-29 15:59:33,872
2012-12-29 16:04:18,114
2012-12-29 16:05:08,208
2012-12-29 16:12:33,160
2012-12-29 16:13:36,1043
2012-12-29 16:24:02,180
2012-12-29 16:27:09,1168
2012-12-29 16:27:22,1276
2012-12-29 16:30:11,1898
2012-12-29 16:34:04,996
2012-12-29 16:55:08,686
2012-12-29 16:55:49,377
2012-12-29 17:10:17,150
2012-12-29 17:18:15,101
2012-12-29 17:35:09,4759
2012-12-29 17:40:15,2949
2012-12-29 17:57:05,429
2012-12-29 18:11:46,2102
2012-12-29 18:28:15,212
2012-12-29 18:29:21,264
2012-12-29 18:44:43,2112
2012-12-29 18:48:28,56
2012-12-29 19:13:56,562
2012-12-29 19:18:54,35
2012-12-29 19:25:30,478
2012-12-29 19:41:52,590
2012-12-29 19:46:48,1346
2012-12-29 20:09:01,395
2012-12-29 20:50:19,182
2012-12-29 20:53:00,566
2012-12-29 21:03:23,1296
2012-12-29 21:35:20,811
2012-12-29 21:56:08,427
2012-12-29 21:58:12,768
2012-12-29 22:08:35,826
2012-12-29 22:34:31,768
2012-12-29 22:54:27,441
2012-12-29 23:06:57,539
2012-12-29 23:33:38,106
2012-12-29 23:54:09,347
2012-12-29 23:57:49,827
2012-12-29 23:58:31,484
2012-12-30 00:04:20,4791
2012-12-30 00:45:21,60
2012-12-30 00:46:27,2578
2012-12-30 01:28:02,457
2012-12-30 01:48:55,3252
2012-12-30 01:59:11,2659
2012-12-30 02:03:19,1060
2012-12-30 02:13:41,9951
2012-12-30 02:17:36,264
2012-12-30 02:22:56,722
2012-12-30 03:06:36,174
2012-12-30 03:10:37,276
2012-12-30 03:28:31,3464
2012-12-30 03:29:04,187
2012-12-30 05:02:29,251
2012-12-30 05:06:04,1398
2012-12-30 05:07:25,1364
2012-12-30 05:08:01,1180
2012-12-30 05:37:50,431
2012-12-30 05:44:03,284
2012-12-30 06:16:26,259
2012-12-30 07:15:03,214
2012-12-30 07:20:56,4805
2012-12-30 07:51:55,109
2012-12-30 08:21:41,36
2012-12-30 08:39:17,249
2012-12-30 09:43:03,2099
2012-12-30 09:50:13,323
2012-12-30 09:50:21,58
2012-12-30 09:57:55,86
2012-12-30 10:05:32,663
2012-12-30 10:19:27,1074
2012-12-30 10:19:49,320
2012-12-30 10:25:20,2085
2012-12-30 10:35:37,114
2012-12-30 10:53:37,8203
2012-12-30 11:02:55,520
2012-12-30 11:04:22,435
2012-12-30 11:05:27,1673
2012-12-30 11:09:39,525
2012-12-30 11:40:37,383
2012-12-30 11:54:21,2424
2012-12-30 12:15:10,7608
2012-12-30 12:57:58,205
2012-12-30 13:11:03,263
2012-12-30 13:19:37,239
2012-12-30 13:45:10,173
2012-12-30 13:46:39,166
2012-12-30 13:59:34,1240
2012-12-30 14:01:44,524
2012-12-30 14:23:24,1570
2012-12-30 14:54:18,698
2012-12-30 15:06:15,439
2012-12-30 15:34:59,1870
2012-12-30 15:36:35,865
2012-12-30 15:47:26,1637
2012-12-30 15:56:17,591
2012-12-30 16:30:51,1488
2012-12-30 16:54:00,60
2012-12-30 17:02:11,2043
2012-12-30 17:25:12,1774
2012-12-30 17:27:39,1934
2012-12-30 17:45:36,1750
2012-12-30 18:28:49,267
2012-12-30 18:30:49,667
2012-12-30 19:00:49,2941
2012-12-30 19:34:58,1897
2012-12-30 19:46:00,1461
2012-12-30 20:09:08,346
2012-12-30 20:36:48,551
2012-12-30 20:41:37,1
2012-12-30 20:49:14,817
2012-12-30 21:46:58,5051
2012-12-30 22:49:55,865
2012-12-30 22:56:46,414
2012-12-30 23:03:51,888
2012-12-30 23:06:47,1571
2012-12-30 23:15:36,362
2012-12-30 23:25:14,5292
2012-12-31 00:12:49,252
2012-12-31 00:13:56,110
2012-12-31 00:17:50,1104
2012-12-31 00:50:40,2622
2012-12-31 00:51:26,1032
2012-12-31 01:05:20,1982
2012-12-31 01:16:10,143
2012-12-31 01:56:56,743
2012-12-31 02:03:27,115
2012-12-31 02:47:39,418
2012-12-31 02:53:28,707
2012-12-31 02:53:38,1451
2012-12-31 03:03:18,321
2012-12-31 03:07:40,860
2012-12-31 03:36:02,455
2012-12-31 03:37:13,281
2012-12-31 03:40:34,470
2012-12-31 04:02:46,441
2012-12-31 04:57:12,279
2012-12-31 05:08:48,970
2012-12-31 05:39:55,137
2012-12-31 06:50:31,1095
2012-12-31 06:56:07,2084
2012-12-31 06:56:54,2652
2012-12-31 06:57:35,462
2012-12-31 07:26:22,1690
2012-12-31 07:27:35,56
2012-12-31 07:47:01,140
2012-12-31 08:02:42,1201
2012-12-31 08:05:13,688
2012-12-31 08:15:40,232
2012-12-31 08:24:02,592
2012-12-31 08:36:00,1469
2012-12-31 09:15:48,331
2012-12-31 10:07:03,831
2012-12-31 10:13:55,74
2012-12-31 10:14:32,254
2012-12-31 10:37:38,102
2012-12-31 10:38:13,852
2012-12-31 11:00:12,621
2012-12-31 11:15:54,192
2012-12-31 11:26:22,374
2012-12-31 11:36:28,1449
2012-12-31 12:23:02,2174
2012-12-31 13:05:53,128
2012-12-31 13:24:23,645
2012-12-31 13:26:52,118
2012-12-31 13:44:54,360
2012-12-31 13:55:07,1482
2012-12-31 13:57:27,290
2012-12-31 14:11:46,2178
2012-12-31 14:36:06,1472
2012-12-31 14:43:31,103
2012-12-31 14:44:20,363
2012-12-31 14:45:47,1278
2012-12-31 14:59:28,1953
2012-12-31 15:01:22,1788
2012-12-31 15:09:20,509
2012-12-31 15:18:50,426
2012-12-31 15:18:52,1503
2012-12-31 15:42:00,576
2012-12-31 15:44:42,2005
2012-12-31 15:49:14,271
2012-12-31 15:53:31,655
2012-12-31 15:54:17,2776
2012-12-31 15:55:33,1633
2012-12-31 16:03:28,347
2012-12-31 16:11:36,1215
2012-12-31 16:13:18,366
2012-12-31 16:17:42,660
2012-12-31 17:02:10,148
2012-12-31 17:04:40,981
2012-12-31 17:10:24,127
2012-12-31 17:12:57,198
2012-12-31 17:36:42,2255
2012-12-31 17:51:09,2470
2012-12-31 17:53:25,3576
2012-12-31 18:03:39,415
2012-12-31 18:10:06,3853
2012-12-31 18:24:58,644
2012-12-31 18:32:19,1856
2012-12-31 18:39:33,784
2012-12-31 18:42:23,369
2012-12-31 19:16:19,6484
2012-12-31 19:45:34,272
2012-12-31 20:02:04,541
2012-12-31 20:15:50,10231
2012-12-31 20:18:05,1467
2012-12-31 20:30:23,222
2012-12-31 20:34:41,464
2012-12-31 20:40:31,1236
2012-12-31 21:11:51,546
2012-12-31 21:18:11,131
2012-12-31 21:47:23,2776
2012-12-31 21:49:07,386
2012-12-31 21:58:41,1863
2012-12-31 22:20:26,386
2012-12-31 22:20:30,275
2012-12-31 23:00:30,1393
2012-12-31 23:12:34,1180
2012-12-31 23:26:24,715
2013-01-01 00:39:33,475
2013-01-01 00:46:20,6865
2013-01-01 00:55:32,408
2013-01-01 01:21:33,1101
2013-01-01 04:36:12,15
2013-01-01 05:31:04,222
2013-01-01 05:42:32,31
2013-01-01 05:53:25,745
2013-01-01 06:22:41,1439
2013-01-01 07:41:46,105
2013-01-01 08:19:30,124
2013-01-01 08:52:20,3450
2013-01-01 09:06:16,1141
2013-01-01 09:54:37,661
2013-01-01 10:36:53,136
2013-01-01 11:32:03,3659
2013-01-01 11:36:40,487
2013-01-01 12:05:59,2221
2013-01-01 12:29:40,482
2013-01-01 13:07:33,603
2013-01-01 13:35:54,222
2013-01-01 13:41:14,1488
2013-01-01 13:52:50,439
2013-01-01 13:55:07,1115
2013-01-01 14:08:25,393
2013-01-01 14:43:30,407
2013-01-01 14:59:31,1205
2013-01-01 14:59:32,1318
2013-01-01 15:06:14,3282
2013-01-01 15:38:07,1969
2013-01-01 15:47:57,259
2013-01-01 16:23:03,4534
2013-01-01 17:10:27,1369
2013-01-01 17:17:47,944
2013-01-01 17:20:06,933
2013-01-01 18:34:24,919
2013-01-01 18:44:40,739
2013-01-01 18:51:00,1733
2013-01-01 19:28:09,1985
2013-01-01 19:38:30,386
2013-01-01 19:45:46,4974
2013-01-01 20:06:11,2198
2013-01-01 21:08:13,259
2013-01-01 21:11:09,251
2013-01-01 22:04:31,1290
2013-01-01 22:35:12,616
2013-01-01 22:35:28,499
2013-01-01 22:45:19,1143
2013-01-01 23:11:39,632
2013-01-02 00:14:39,794
2013-01-02 00:53:00,1726
2013-01-02 00:54:32,612
2013-01-02 01:30:05,665
2013-01-02 02:28:44,628
2013-01-02 03:56:00,1373
2013-01-02 04:49:50,1680
2013-01-02 05:07:35,408
2013-01-02 05:37:39,114
2013-01-02 05:57:43,452
2013-01-02 06:55:45,1227
2013-01-02 07:30:58,583
2013-01-02 07:38:17,120
2013-01-02 07:57:15,467
2013-01-02 08:00:59,847
2013-01-02 08:11:08,8798
2013-01-02 08:21:29,467
2013-01-02 08:32:34,1085
2013-01-02 08:35:51,157
2013-01-02 08:48:06,261
2013-01-02 08:51:03,1786
2013-01-02 08:59:33,714
2013-01-02 09:02:20,40
2013-01-02 09:14:24,2463
2013-01-02 09:14:31,555
2013-01-02 09:21:30,231
2013-01-02 09:22:48,1026
2013-01-02 09:25:35,217
2013-01-02 09:27:11,203
2013-01-02 09:29:36,294
2013-01-02 09:42:44,767
2013-01-02 09:47:38,1097
2013-01-02 09:49:42,145
2013-01-02 09:55:31,273
2013-01-02 10:05:29,236
2013-01-02 10:14:29,483
2013-01-02 10:21:32,483
2013-01-02 10:27:18,444
2013-01-02 10:29:09,591
2013-01-02 10:53:34,2231
2013-01-02 11:18:11,209
2013-01-02 11:24:31,240
2013-01-02 12:09:17,484
2013-01-02 12:23:51,253
2013-01-02 12:26:37,2156
2013-01-02 12:35:31,501
2013-01-02 12:44:52,2255
2013-01-02 12:58:51,886
2013-01-02 13:02:01,890
2013-01-02 13:08:10,195
2013-01-02 13:23:43,957
2013-01-02 13:29:11,434
2013-01-02 13:33:13,864
2013-01-02 13:33:22,729
2013-01-02 13:44:07,3342
2013-01-02 13:48:47,15
2013-01-02 14:02:03,383
2013-01-02 14:07:38,1707
2013-01-02 14:08:10,508
2013-01-02 14:12:52,845
2013-01-02 14:18:43,1619
2013-01-02 14:25:05,34
2013-01-02 14:33:54,166
2013-01-02 14:39:39,180
2013-01-02 14:55:36,332
2013-01-02 15:00:26,585
2013-01-02 15:01:41,333
2013-01-02 15:07:53,594
2013-01-02 15:13:07,1108
2013-01-02 15:26:03,350
2013-01-02 15:26:40,8366
2013-01-02 15:42:11,892
2013-01-02 15:51:36,492
2013-01-02 15:55:56,26
2013-01-02 15:59:15,68
2013-01-02 15:59:59,1991
2013-01-02 16:00:31,1117
2013-01-02 16:00:41,135
2013-01-02 16:08:12,216
2013-01-02 16:15:47,137
2013-01-02 16:29:49,193
2013-01-02 16:50:41,258
2013-01-02 17:05:34,475
2013-01-02 17:07:47,383
2013-01-02 17:25:29,525
2013-01-02 17:25:32,355
2013-01-02 17:39:46,670
2013-01-02 18:07:02,130
2013-01-02 18:47:24,3207
2013-01-02 18:53:08,509
2013-01-02 19:01:37,190
2013-01-02 19:10:50,90
2013-01-02 19:18:11,568
2013-01-02 19:22:20,6949
2013-01-02 19:54:42,680
2013-01-02 20:25:59,29
2013-01-02 20:26:21,680
2013-01-02 20:33:39,209
2013-01-02 20:58:07,299
2013-01-02 21:19:27,88
2013-01-02 21:23:02,493
2013-01-02 21:43:26,2609
2013-01-02 21:47:11,1605
2013-01-02 22:09:52,147
2013-01-02 22:47:15,1362
2013-01-03 00:06:12,1633
2013-01-03 00:23:06,128
2013-01-03 00:24:21,128
2013-01-03 00:49:43,109
2013-01-03 01:16:20,163
2013-01-03 01:35:14,217
2013-01-03 04:18:50,1044
2013-01-03 04:25:14,713
2013-01-03 04:27:20,40
2013-01-03 05:17:26,941
2013-01-03 06:56:31,497
2013-01-03 06:57:34,158
2013-01-03 08:22:43,2139
2013-01-03 08:23:26,1004
2013-01-03 08:36:59,589
2013-01-03 09:12:42,987
2013-01-03 09:57:01,459
2013-01-03 10:10:20,1770
2013-01-03 10:11:05,814
2013-01-03 10:26:53,255
2013-01-03 11:06:49,683
2013-01-03 11:27:55,204
2013-01-03 11:50:09,1589
2013-01-03 12:57:47,282
2013-01-03 13:01:43,992
2013-01-03 13:14:17,113
2013-01-03 13:16:06,1030
2013-01-03 13:16:23,1808
2013-01-03 13:35:31,134
2013-01-03 13:46:00,414
2013-01-03 13:56:26,574
2013-01-03 13:56:38,131
2013-01-03 14:15:07,280
2013-01-03 14:54:58,1359
2013-01-03 15:10:55,727
2013-01-03 15:27:12,580
2013-01-03 16:10:49,217
2013-01-03 16:15:20,296
2013-01-03 16:29:47,2341
2013-01-03 16:40:51,345
2013-01-03 16:48:50,40
2013-01-03 17:02:52,4028
2013-01-03 17:08:29,498
2013-01-03 18:21:24,88
2013-01-03 18:36:49,928
2013-01-03 19:37:42,248
2013-01-03 20:14:47,2704
2013-01-03 20:29:53,2583
2013-01-03 21:52:21,124
2013-01-03 22:19:42,2601
2013-01-03 22:21:12,363
2013-01-03 23:23:51,70
2013-01-04 00:31:32,105
2013-01-04 00:48:00,344
2013-01-04 00:56:39,876
2013-01-04 01:25:00,129
2013-01-04 01:38:44,728
2013-01-04 01:58:11,452
2013-01-04 03:16:25,361
2013-01-04 03:54:28,563
2013-01-04 05:16:52,859
2013-01-04 05:28:56,407
2013-01-04 05:29:18,249
2013-01-04 07:52:46,774
2013-01-04 09:00:25,3218
2013-01-04 09:10:52,392
2013-01-04 09:11:44,449
2013-01-04 10:16:53,1427
2013-01-04 10:25:16,44
2013-01-04 10:37:04,368
2013-01-04 10:38:23,368
2013-01-04 10:48:54,786
2013-01-04 10:56:38,4073
2013-01-04 11:20:59,313
2013-01-04 12:05:34,1510
2013-01-04 12:32:10,577
2013-01-04 12:35:51,11
2013-01-04 13:45:44,420
2013-01-04 15:16:43,347
2013-01-04 15:48:32,101
2013-01-04 15:54:38,1083
2013-01-04 16:17:36,1428
2013-01-04 16:25:44,635
2013-01-04 16:28:50,2548
2013-01-04 17:06:00,168
2013-01-04 17:38:01,335
2013-01-04 19:05:15,493
2013-01-04 20:23:55,190
2013-01-05 00:38:44,192
2013-01-05 01:14:16,940
2013-01-05 02:01:37,161
2013-01-05 07:49:34,522
2013-01-05 10:22:52,43
2013-01-05 12:32:06,51
2013-01-05 13:03:54,555
2013-01-05 13:09:40,292
2013-01-05 13:18:29,483
2013-01-05 13:56:33,385
2013-01-05 14:52:22,122
2013-01-05 15:39:41,557
2013-01-05 16:27:24,445
2013-01-05 16:44:04,233
2013-01-05 17:37:42,236
2013-01-05 20:52:00,362
2013-01-05 20:53:38,1604
2013-01-05 22:52:34,630
2013-01-05 23:24:02,208
2013-01-05 23:33:24,98
2013-01-06 00:48:58,49
2013-01-06 01:20:49,403
2013-01-06 01:42:50,537
2013-01-06 01:45:06,811
2013-01-06 03:28:15,1155
2013-01-06 03:58:27,405
2013-01-06 04:58:36,2899
2013-01-06 10:55:36,226
2013-01-06 10:57:38,450
2013-01-06 11:07:02,572
2013-01-06 13:09:22,537
2013-01-06 13:16:13,877
2013-01-06 14:21:55,904
2013-01-06 16:04:26,3854
2013-01-06 16:22:23,419
2013-01-06 16:30:04,1488
2013-01-06 20:12:02,60
2013-01-06 20:13:16,1058
2013-01-06 20:46:06,131
2013-01-06 20:59:13,903
2013-01-06 21:48:37,727
2013-01-06 22:36:59,412
2013-01-07 00:13:21,740
2013-01-07 00:51:01,62
2013-01-07 01:20:58,61
2013-01-07 01:37:22,151
2013-01-07 01:46:05,213
2013-01-07 01:55:54,1068
2013-01-07 02:33:16,643
2013-01-07 02:36:08,1015
2013-01-07 03:41:07,428
2013-01-07 03:53:33,686
2013-01-07 05:26:28,27
2013-01-07 06:45:07,2801
2013-01-07 07:13:05,1489
2013-01-07 08:09:28,291
2013-01-07 08:48:36,65
2013-01-07 08:59:02,111
2013-01-07 08:59:57,631
2013-01-07 08:59:58,696
2013-01-07 09:13:13,1315
2013-01-07 09:40:33,121
2013-01-07 09:54:46,1120
2013-01-07 10:24:24,442
2013-01-07 11:35:58,1044
2013-01-07 11:39:00,2179
2013-01-07 11:57:32,285
2013-01-07 12:22:27,102
2013-01-07 13:31:57,945
2013-01-07 14:14:02,546
2013-01-07 14:28:18,926
2013-01-07 14:34:32,183
2013-01-07 14:48:15,231
2013-01-07 16:00:36,368
2013-01-07 16:30:33,1229
2013-01-07 16:42:31,39
2013-01-07 17:28:32,742
2013-01-07 18:37:04,773
2013-01-07 19:04:22,334
2013-01-07 19:31:48,132
2013-01-07 19:33:10,436
2013-01-07 19:40:29,416
2013-01-07 22:17:29,696
2013-01-07 22:43:56,398
2013-01-07 23:54:23,1562
2013-01-08 00:38:00,75
2013-01-08 03:43:53,60
2013-01-08 08:19:16,199
2013-01-08 08:28:16,311
2013-01-08 08:47:14,26
2013-01-08 10:21:20,309
2013-01-08 11:22:22,172
2013-01-08 12:46:22,47
2013-01-08 13:27:54,102
2013-01-08 14:13:01,125
2013-01-08 14:59:02,95
2013-01-08 15:54:15,725
2013-01-08 16:00:36,1129
2013-01-08 17:57:55,454
2013-01-08 18:12:50,699
2013-01-08 19:23:22,160
2013-01-08 21:05:45,136
2013-01-08 21:58:39,1157
2013-01-08 22:37:09,122
2013-01-09 00:47:44,357
2013-01-09 01:24:07,354
2013-01-09 02:22:20,149
2013-01-09 02:37:28,54
2013-01-09 02:50:20,716
2013-01-09 03:12:46,180
2013-01-09 04:04:47,293
2013-01-09 05:27:04,684
2013-01-09 07:27:29,176
2013-01-09 08:04:37,14
2013-01-09 08:29:06,122
2013-01-09 12:21:38,249
2013-01-09 13:10:47,1277
2013-01-09 14:06:29,262
2013-01-09 14:47:18,468
2013-01-09 15:41:28,522
2013-01-09 16:03:52,109
2013-01-09 16:13:51,48
2013-01-09 16:18:37,699
2013-01-09 16:26:44,935
2013-01-09 16:39:08,537
2013-01-09 17:37:04,62
2013-01-09 18:18:16,87
2013-01-09 18:42:15,237
2013-01-09 21:48:02,1299
2013-01-10 00:02:31,1005
2013-01-10 02:49:15,611
2013-01-10 03:15:17,802
2013-01-10 07:59:21,56
2013-01-10 10:00:00,1756
2013-01-10 12:39:25,59
2013-01-10 12:41:05,381
2013-01-10 12:44:06,211
2013-01-10 13:22:46,147
2013-01-10 13:53:15,909
2013-01-10 14:25:27,352
2013-01-10 14:45:47,95
2013-01-10 20:59:33,399
2013-01-10 21:00:30,503
2013-01-10 23:58:04,80
2013-01-11 01:18:30,811
2013-01-11 05:25:53,309
2013-01-11 07:03:24,2252
2013-01-11 07:54:00,19
2013-01-11 08:11:06,715
2013-01-11 14:05:27,293
2013-01-11 16:55:19,366
2013-01-11 17:57:27,2136
2013-01-11 19:02:46,111
2013-01-11 21:10:08,180
2013-01-12 01:18:00,41
2013-01-12 02:21:34,17
2013-01-12 21:14:55,88
2013-01-12 21:26:08,210
2013-01-12 23:30:19,18
2013-01-13 01:23:30,28
2013-01-14 05:18:06,171
2013-01-14 18:30:40,117
2013-01-15 14:40:10,945
2013-01-15 17:43:55,266
2013-01-17 06:15:25,502
2013-01-17 18:56:05,335
2013-01-18 00:57:26,1065
2013-01-18 10:36:41,563
2013-01-21 04:20:58,192
2013-01-24 08:25:50,134
2013-01-24 15:20:04,101
2013-01-26 05:53:53,388
2013-02-01 08:30:19,225
2013-02-02 23:13:18,154
2013-02-04 07:57:07,3714
2013-02-04 10:30:37,166
